words,amount_keywords,up_time,keyword,rating,contentWarning,romanticCategory
7.790282380703483,3.1780538303479458,3.091042453358316,3.9921881782248594,1.9967620011132508,1.956887864209901,1.0
8.525558107747866,3.044522437723423,3.091042453358316,3.6805064040733284,1.0,1.956887864209901,0.0
9.137769679141348,4.110873864173311,3.091042453358316,6.056323594213946,1.0,1.956887864209901,0.0
8.262816937670928,4.07753744390572,4.605170185988092,5.446772844162392,1.4142135623730951,2.0,0.0
9.446202695698167,3.1780538303479458,4.59511985013459,4.379518526440165,1.0,2.5968491788439394,0.0
8.532475814947395,3.5553480614894135,4.564348191467836,4.708572139494375,1.4142135623730951,2.5968491788439394,0.0
7.037027614686276,2.833213344056216,4.553876891600541,3.993803456352591,1.0,1.956887864209901,0.0
8.89918494333876,3.2188758248682006,4.543294782270004,4.542413565504864,1.0,2.5968491788439394,0.0
8.930494185292178,4.276666119016055,4.574710978503383,6.6450977780103795,1.4142135623730951,2.5968491788439394,0.0
7.462214939768189,3.367295829986474,4.51085950651685,5.196456045443782,1.0,1.956887864209901,0.0
8.525558107747866,2.8903717578961645,3.091042453358316,4.034500832190512,1.9967620011132508,1.956887864209901,0.0
7.927685045615778,3.1780538303479458,4.430816798843313,3.8424786083371103,1.9967620011132508,1.956887864209901,0.0
10.031528902417012,3.295836866004329,4.477336814478207,4.408297494487977,1.9967620011132508,2.0,0.0
5.6937321388027,1.791759469228055,4.290459441148391,2.1798450816933164,1.0,2.5968491788439394,0.0
8.525558107747866,4.356708826689592,4.430816798843313,6.91475075973457,1.0,1.956887864209901,0.0
8.525558107747866,4.30406509320417,4.406719247264253,7.567256807720519,1.0,2.5968491788439394,1.0
10.162808729968926,3.970291913552122,3.58351893845611,6.267061115979862,1.0,1.0,0.0
10.211450079283054,3.6635616461296463,4.356708826689592,5.826855200890845,1.0,2.5968491788439394,0.0
8.381831553485561,3.367295829986474,4.248495242049359,4.1087570421797315,1.3828992025720797,2.5968491788439394,0.0
5.6937321388027,1.791759469228055,4.290459441148391,2.1798450816933164,1.0,2.5968491788439394,0.0
8.262042843966942,3.4011973816621555,4.204692619390966,4.408678875367,1.3828992025720797,2.5968491788439394,0.0
8.433594167539924,3.8501476017100584,4.2626798770413155,5.458554260391649,1.0,2.5968491788439394,0.0
9.673256443720023,3.6635616461296463,4.1588830833596715,5.413059886653011,1.0,2.5968491788439394,0.0
8.560252680876685,3.091042453358316,4.1588830833596715,3.994361072187505,1.0,1.956887864209901,0.0
8.525558107747866,3.58351893845611,4.219507705176107,5.154609297797915,1.9967620011132508,1.956887864209901,0.0
7.259819610363186,3.8066624897703196,4.1588830833596715,5.299769477704158,1.0,1.956887864209901,0.0
8.508757712595136,3.871201010907891,4.219507705176107,5.774403926981108,1.4142135623730951,2.5968491788439394,0.0
7.0925737159746784,4.0943445622221,4.2626798770413155,6.061681233645823,1.3828992025720797,1.956887864209901,0.0
6.484635235635252,3.4011973816621555,4.143134726391533,4.863922839878496,1.9967620011132508,1.956887864209901,0.0
9.230535079261703,1.0986122886681098,4.2626798770413155,1.728124417960963,1.0,1.956887864209901,0.0
9.911058818032446,4.5217885770490405,4.2626798770413155,8.235048486702548,1.9967620011132508,2.5968491788439394,0.0
8.064950891749143,3.7612001156935624,4.143134726391533,5.418954046432974,1.9967620011132508,1.956887864209901,0.0
8.525558107747866,3.7376696182833684,4.248495242049359,4.981241854447299,1.0,1.956887864209901,0.0
7.870165946469845,3.5263605246161616,4.248495242049359,4.408816280500908,1.4142135623730951,2.5968491788439394,0.0
8.525558107747866,3.6635616461296463,4.248495242049359,5.592867318943053,1.0,2.5968491788439394,0.0
8.956479847999912,4.04305126783455,4.127134385045092,6.067961983221719,1.0,1.956887864209901,0.0
8.052614818815567,3.1354942159291497,4.0943445622221,4.181209087371109,1.4142135623730951,2.5968491788439394,0.0
7.5688956634069955,2.1972245773362196,4.07753744390572,2.5103226977177453,1.3828992025720797,1.956887864209901,0.0
10.252064798437244,4.060443010546419,4.007333185232471,6.552260376587736,1.0,2.0,0.0
7.792761720816526,4.762173934797756,4.174387269895637,7.179463720342561,1.0,2.5968491788439394,0.0
8.30671904320269,3.2188758248682006,4.04305126783455,4.603571480647236,1.3828992025720797,1.956887864209901,0.0
10.175840227862885,3.1354942159291497,4.1588830833596715,4.629766235986295,1.9967620011132508,2.0,0.0
9.95759687818316,2.5649493574615367,4.189654742026425,3.046238319119492,1.0,1.7320508075688772,0.0
9.140775908590273,3.6109179126442243,4.02535169073515,5.480390962733644,1.0,1.956887864209901,0.0
5.272999558563747,2.1972245773362196,4.007333185232471,2.613905464300105,1.4142135623730951,2.5968491788439394,0.0
8.412943170042439,3.8066624897703196,4.007333185232471,5.79557999250328,1.4142135623730951,1.956887864209901,0.0
7.38770923908104,3.7612001156935624,4.127134385045092,4.807293085785055,1.0,2.5968491788439394,0.0
8.86488793377419,4.04305126783455,4.007333185232471,6.7176387347146385,1.0,1.0,0.0
8.525558107747866,3.332204510175204,3.9889840465642745,4.06976125057657,1.9967620011132508,2.0,0.0
7.6577552711348655,2.8903717578961645,3.970291913552122,3.3777264911855216,1.3828992025720797,1.956887864209901,0.0
10.262245325878965,3.367295829986474,4.0943445622221,4.611964308735596,1.3828992025720797,2.5968491788439394,0.0
8.164510268747042,4.30406509320417,4.0943445622221,3.8948576694699173,1.0,2.0,0.0
8.468423027046809,3.4657359027997265,3.091042453358316,4.8357938745998705,1.0,1.956887864209901,0.0
7.468513271496337,3.7612001156935624,3.9512437185814275,5.350332252057429,1.9967620011132508,1.956887864209901,0.0
9.366146823114383,3.6375861597263857,4.060443010546419,4.955888692741839,1.4142135623730951,2.5968491788439394,0.0
8.447199819595703,3.1354942159291497,3.9318256327243257,3.828644196427685,1.4142135623730951,1.956887864209901,0.0
8.525558107747866,4.1588830833596715,3.9318256327243257,5.874336014413678,1.0,1.956887864209901,0.0
10.469255803766243,3.5263605246161616,4.04305126783455,5.2337805532458805,1.9967620011132508,1.956887864209901,1.0
7.557994958530806,2.995732273553991,3.912023005428146,4.403856301620854,1.0,1.956887864209901,0.0
8.11552088154677,3.4011973816621555,3.912023005428146,4.919401790766688,1.3828992025720797,1.956887864209901,0.0
8.934586870389676,3.4657359027997265,3.9318256327243257,4.629531862317785,1.0,1.956887864209901,0.0
10.458722329269523,3.871201010907891,4.02535169073515,5.832576931882066,1.0,2.5968491788439394,0.0
6.994849985833071,4.454347296253507,3.8918202981106265,7.247504403283042,1.0,2.5968491788439394,0.0
9.007612005404566,4.68213122712422,4.007333185232471,7.586611159260231,1.3828992025720797,1.956887864209901,0.0
8.974997713204976,3.5263605246161616,3.871201010907891,4.8003215256979015,1.0,2.5968491788439394,0.0
5.6937321388027,1.791759469228055,4.290459441148391,2.1798450816933164,1.0,2.5968491788439394,0.0
6.467698726104354,3.258096538021482,3.8918202981106265,3.859362552673016,1.3828992025720797,1.956887864209901,0.0
10.241137666615815,2.4849066497880004,3.8918202981106265,3.191553839682524,1.9967620011132508,1.956887864209901,0.0
7.98514393119862,1.791759469228055,4.02535169073515,2.288309138005673,1.9967620011132508,2.5968491788439394,0.0
8.482601746646619,3.784189633918261,3.871201010907891,4.959313257898261,1.0,1.956887864209901,0.0
5.332718793265369,2.1972245773362196,3.8918202981106265,2.02745045746616,1.3828992025720797,1.956887864209901,0.0
9.022925868116218,4.04305126783455,3.970291913552122,6.642876727929484,1.0,2.5968491788439394,0.0
9.632400353656184,2.8903717578961645,3.8501476017100584,3.6300010829203457,1.4142135623730951,1.956887864209901,0.0
8.297294370266917,3.970291913552122,3.8501476017100584,4.703225142572823,1.0,2.5968491788439394,0.0
6.093569770045136,1.9459101490553132,3.8501476017100584,2.291765335143104,1.3828992025720797,1.956887864209901,0.0
8.471149252914831,2.9444389791664403,3.8501476017100584,3.699983423686068,1.0,1.956887864209901,0.0
8.525558107747866,3.6635616461296463,3.970291913552122,9.440307701903507,1.0,1.956887864209901,0.0
5.6937321388027,1.791759469228055,4.290459441148391,2.1798450816933164,1.0,2.5968491788439394,0.0
4.804021044733257,4.1588830833596715,3.828641396489095,5.5635405528696555,1.3828992025720797,1.956887864209901,0.0
8.68270762989381,4.3694478524670215,3.970291913552122,7.566474626204803,1.0,2.5968491788439394,0.0
7.6577552711348655,3.2188758248682006,3.8501476017100584,4.227394354622662,1.4142135623730951,2.5968491788439394,0.0
9.862300908205878,3.970291913552122,3.9512437185814275,4.848548648965789,1.0,2.5968491788439394,0.0
8.917444732471514,4.276666119016055,3.8066624897703196,6.017525158995545,1.0,1.956887864209901,0.0
8.525558107747866,3.4339872044851463,3.828641396489095,5.1891734467562065,1.0,1.956887864209901,0.0
7.77863014732581,4.574710978503383,3.8066624897703196,6.27444982720995,1.3828992025720797,1.956887864209901,0.0
8.588210678651517,3.5263605246161616,3.8066624897703196,5.030357442874887,1.9967620011132508,2.5968491788439394,0.0
9.157466882369114,2.995732273553991,3.784189633918261,4.320367901745543,1.0,1.956887864209901,0.0
8.382518288089635,4.110873864173311,3.9318256327243257,6.723409704353727,1.0,2.0,0.0
9.066585468331045,3.58351893845611,3.784189633918261,5.1954828681863106,1.9967620011132508,2.0,0.0
9.084323531392696,2.8903717578961645,3.784189633918261,3.84377664535672,1.0,2.5968491788439394,0.0
8.45914025996762,3.6375861597263857,3.784189633918261,4.1019828058210495,1.0,1.956887864209901,0.0
7.107425474110705,2.302585092994046,3.9318256327243257,2.8853840484795357,1.9967620011132508,2.5968491788439394,0.0
7.918264686095274,1.791759469228055,3.8066624897703196,2.1550974235210303,1.9967620011132508,1.956887864209901,0.0
8.764990330169104,3.258096538021482,3.912023005428146,4.170579245866327,1.0,2.5968491788439394,0.0
7.252762418053187,3.8066624897703196,3.784189633918261,5.60278673350768,1.9967620011132508,2.5968491788439394,0.0
7.4821189235521155,2.8903717578961645,3.784189633918261,3.7192571778014556,1.0,1.956887864209901,0.0
9.202711344811691,4.23410650459726,3.9318256327243257,7.433886026450462,1.0,1.956887864209901,0.0
8.639233817325263,4.795790545596741,3.784189633918261,7.610830152768502,1.0,1.956887864209901,0.0
7.661997558901893,3.6635616461296463,3.784189633918261,5.071923521976119,1.0,1.956887864209901,0.0
9.430439293104167,3.828641396489095,3.7612001156935624,5.889829715903582,1.0,1.956887864209901,0.0
9.123038043573386,3.871201010907891,3.7612001156935624,6.196522480837256,1.3828992025720797,2.5968491788439394,0.0
8.461891875631148,3.7376696182833684,3.7612001156935624,5.3210329664859,1.0,1.956887864209901,0.0
8.858226439365012,3.8066624897703196,3.912023005428146,5.37036891309569,1.9967620011132508,2.0,0.0
5.6937321388027,1.791759469228055,4.290459441148391,2.1798450816933164,1.0,2.5968491788439394,0.0
7.440733707389261,2.995732273553991,3.7612001156935624,4.117003616557776,1.4142135623730951,2.5968491788439394,0.0
9.469391461628812,3.5553480614894135,3.7612001156935624,4.955271467907154,1.0,1.956887864209901,0.0
7.731053144007127,1.791759469228055,3.7612001156935624,1.9628572289521466,1.9967620011132508,1.956887864209901,0.0
8.525558107747866,4.07753744390572,3.7612001156935624,6.203253509792389,1.0,2.5968491788439394,0.0
8.525558107747866,2.833213344056216,3.6375861597263857,2.799946057245335,1.9967620011132508,2.5968491788439394,0.0
8.801168401936692,3.7376696182833684,3.7612001156935624,5.0172301714340755,1.0,1.956887864209901,0.0
8.009695357742922,3.295836866004329,3.7376696182833684,4.31989183900861,1.0,1.956887864209901,0.0
8.394121193826242,3.7612001156935624,3.7376696182833684,5.755044603736329,1.0,1.956887864209901,0.0
9.412627941411015,3.8918202981106265,3.8918202981106265,5.6474347591497995,1.0,1.7320508075688772,1.0
9.161360189754465,4.795790545596741,3.713572066704308,6.771615514687303,1.0,1.956887864209901,0.0
10.370925392959132,3.1780538303479458,3.8501476017100584,4.616308638210311,1.0,2.0,0.0
10.364639622058545,3.5263605246161616,3.713572066704308,4.693873304098368,1.9967620011132508,1.956887864209901,0.0
5.6937321388027,1.791759469228055,4.290459441148391,2.1798450816933164,1.0,2.5968491788439394,0.0
9.18594521514146,4.31748811353631,3.6888794541139363,6.607574734417418,1.0,1.956887864209901,0.0
9.968338524855744,2.9444389791664403,3.8501476017100584,2.9890588790759653,1.9967620011132508,1.956887864209901,0.0
8.525558107747866,4.204692619390966,3.6888794541139363,6.981630257194367,1.0,1.956887864209901,0.0
9.677966176435953,2.3978952727983707,3.6888794541139363,2.6920743080136305,1.0,1.956887864209901,0.0
6.532334292222349,3.1354942159291497,3.6888794541139363,4.478765423926143,1.9967620011132508,1.956887864209901,0.0
7.077498053569231,3.4965075614664802,3.6635616461296463,4.703915737535549,1.3828992025720797,1.956887864209901,0.0
6.580639137284949,4.709530201312334,3.8066624897703196,7.170451990598229,1.9967620011132508,2.0,0.0
8.525558107747866,3.6635616461296463,3.6635616461296463,5.964071754044077,1.0,2.5968491788439394,0.0
7.298445101508147,2.5649493574615367,3.7376696182833684,3.241668332267843,1.0,2.5968491788439394,0.0
8.525558107747866,3.367295829986474,3.6375861597263857,4.936875437855667,1.0,2.0,0.0
8.503702601233739,4.68213122712422,3.6375861597263857,7.5308214755261,1.4142135623730951,1.956887864209901,0.0
8.525558107747866,3.6375861597263857,3.8066624897703196,5.036236270076144,1.3828992025720797,1.956887864209901,0.0
10.051303927230347,3.8918202981106265,3.6375861597263857,6.190031135276122,1.0,1.956887864209901,0.0
9.684273769557766,3.4011973816621555,3.6375861597263857,4.740864205549681,1.0,1.956887864209901,0.0
7.620214770574455,2.6390573296152584,3.6375861597263857,3.4234256021665574,1.9967620011132508,1.956887864209901,0.0
7.152268856032539,3.4011973816621555,3.6635616461296463,4.428260663488988,1.9967620011132508,1.956887864209901,0.0
8.525558107747866,2.0794415416798357,3.8066624897703196,2.7080515168852344,1.0,1.0,0.0
8.907747686788648,3.784189633918261,3.6109179126442243,3.925627906395237,1.0,1.956887864209901,0.0
7.8724551500639794,4.406719247264253,3.7612001156935624,5.543880920646307,1.4142135623730951,1.956887864209901,0.0
9.020389788017736,4.276666119016055,3.58351893845611,6.897753907436086,1.0,1.956887864209901,0.0
9.118882761487347,3.332204510175204,3.5553480614894135,4.6063180766240475,1.0,2.5968491788439394,0.0
8.517193191416238,3.4965075614664802,3.58351893845611,4.826595401730732,1.4142135623730951,1.7320508075688776,0.0
8.525558107747866,4.663439094112067,3.5263605246161616,8.464607358700146,1.9967620011132508,1.956887864209901,0.0
8.525558107747866,4.248495242049359,3.5553480614894135,5.566505703210376,1.0,2.5968491788439394,0.0
7.720461694599722,4.07753744390572,3.091042453358316,6.1914025359402185,1.0,1.0,0.0
8.468002947225466,3.7612001156935624,3.5553480614894135,4.890749749969091,1.0,2.5968491788439394,0.0
8.728264161496178,3.912023005428146,3.5263605246161616,5.854126563165385,1.0,1.956887864209901,0.0
5.6937321388027,1.791759469228055,4.290459441148391,2.1798450816933164,1.0,2.5968491788439394,0.0
5.6937321388027,1.791759469228055,4.290459441148391,2.1798450816933164,1.0,2.5968491788439394,0.0
8.264878262801748,4.02535169073515,3.6375861597263857,5.875997823111951,1.9967620011132508,2.5968491788439394,0.0
9.160834952072344,4.31748811353631,3.6375861597263857,7.417574274751923,1.0,2.5968491788439394,0.0
7.5485559791698735,3.6635616461296463,3.6375861597263857,5.746638141345891,1.0,2.5968491788439394,0.0
8.799963219506997,3.7376696182833684,3.4657359027997265,5.771673050337805,1.9967620011132508,1.956887864209901,0.0
5.780743515792329,4.276666119016055,3.6375861597263857,7.091709739033618,1.4142135623730951,1.956887864209901,0.0
8.91905180393029,4.454347296253507,3.4339872044851463,5.328114062296022,1.4142135623730951,1.956887864209901,0.0
8.525558107747866,4.454347296253507,3.4011973816621555,7.415044277067049,1.0,1.956887864209901,0.0
8.369620826949102,2.302585092994046,3.6635616461296463,2.486278223767404,1.9967620011132508,1.956887864209901,0.0
9.19624144759668,4.204692619390966,3.332204510175204,6.7636005064166875,1.9967620011132508,1.7320508075688772,0.0
8.525558107747866,3.6635616461296463,3.258096538021482,11.162849713374174,1.0,2.0,0.0
8.525558107747866,4.07753744390572,3.1354942159291497,6.547560145575791,1.9967620011132508,2.0,0.0
4.3694478524670215,4.0943445622221,3.367295829986474,5.66347795751679,1.0,1.956887864209901,0.0
5.6937321388027,1.791759469228055,4.290459441148391,2.1798450816933164,1.0,2.5968491788439394,0.0
5.805134968916488,3.8501476017100584,3.332204510175204,5.893635032325651,1.0,1.7320508075688772,0.0
8.525558107747866,3.6635616461296463,3.2188758248682006,8.758010025212288,1.0,1.956887864209901,0.0
7.473069088032197,3.091042453358316,3.1354942159291497,4.108223673323936,1.9967620011132508,1.956887864209901,0.0
6.846943139585379,2.70805020110221,3.332204510175204,3.4298660910912817,1.4142135623730951,2.5968491788439394,0.0
8.300031711779575,2.8903717578961645,3.1354942159291497,3.824742511750055,1.3828992025720797,1.956887864209901,0.0
8.748304912379623,3.367295829986474,3.091042453358316,4.3651949167677415,1.0,1.956887864209901,0.0
8.31581113188354,4.51085950651685,3.091042453358316,4.972782537525351,1.3828992025720797,1.956887864209901,0.0
8.632484235750972,3.1354942159291497,3.091042453358316,4.249036939345284,1.0,2.5968491788439394,0.0
9.143559338285831,4.060443010546419,3.044522437723423,5.915682208566292,1.0,1.956887864209901,0.0
7.847762537473608,3.091042453358316,3.044522437723423,4.222758970258219,1.0,1.956887864209901,0.0
7.500529485395295,3.4011973816621555,3.044522437723423,4.182676741696536,1.0,1.956887864209901,0.0
8.780326390946605,3.713572066704308,2.995732273553991,5.69925103964576,1.0,1.956887864209901,0.0
7.725330037917135,3.258096538021482,2.995732273553991,4.09267354240236,1.0,1.956887864209901,0.0
6.838405200847344,3.5553480614894135,3.2188758248682006,4.863967930044991,1.0,1.7320508075688772,0.0
8.845777255188445,4.653960350157523,3.1780538303479458,6.733035396414655,1.0,2.5968491788439394,0.0
8.814330422638774,3.9318256327243257,3.1780538303479458,6.468634843562581,1.9967620011132508,2.0,0.0
5.6937321388027,1.791759469228055,4.290459441148391,2.1798450816933164,1.0,2.5968491788439394,0.0
8.525558107747866,4.356708826689592,2.8903717578961645,7.427197487242965,1.4142135623730951,2.5968491788439394,0.0
8.94819608331224,3.58351893845611,2.9444389791664403,5.206251737477849,1.0,1.956887864209901,0.0
7.724004656676065,2.772588722239781,2.9444389791664403,3.9190546738596432,1.9967620011132508,1.956887864209901,0.0
7.840312983320164,3.332204510175204,2.9444389791664403,4.6417943704687135,1.0,2.5968491788439394,0.0
8.200013648175434,3.7612001156935624,3.1780538303479458,5.142504709150176,1.9967620011132508,2.5968491788439394,0.0
7.701200180857446,4.442651256490317,3.1354942159291497,5.4231941329179225,1.4142135623730951,2.5968491788439394,0.0
9.061724347647399,4.442651256490317,2.8903717578961645,6.860119441227818,1.0,1.956887864209901,0.0
8.877939834725023,3.367295829986474,2.8903717578961645,4.477751085527956,1.0,1.956887864209901,0.0
8.657824321155983,4.624972813284271,3.1354942159291497,5.4695333920400175,1.0,2.5968491788439394,0.0
9.616538544660177,3.2188758248682006,2.8903717578961645,3.9178781850669067,1.0,2.0,0.0
8.30622521603216,4.07753744390572,3.1354942159291497,5.65141881360232,1.0,2.5968491788439394,0.0
9.110741006753427,4.0943445622221,3.1354942159291497,7.080138216581018,1.0,2.5968491788439394,0.0
8.62299361030245,3.7612001156935624,3.1354942159291497,4.476633675708728,1.0,2.5968491788439394,0.0
8.345455428161928,3.295836866004329,2.8903717578961645,4.587347764454442,1.0,2.5968491788439394,0.0
8.856803356728378,3.8501476017100584,2.8903717578961645,6.115186962931392,1.0,2.0,0.0
8.17131687471973,2.772588722239781,2.8903717578961645,3.6483269701674272,1.0,1.0,0.0
9.072456664612796,3.7612001156935624,3.091042453358316,5.720009273620307,1.0,1.956887864209901,0.0
10.327578124767458,4.394449154672439,3.044522437723423,6.2769993480701025,1.9967620011132508,1.956887864209901,1.0
9.018695487721343,1.9459101490553132,3.091042453358316,2.7084630140887858,1.9967620011132508,2.5968491788439394,0.0
8.772610303280743,3.8501476017100584,2.772588722239781,6.1939056179981495,1.0,2.5968491788439394,0.0
7.850103545175582,3.6635616461296463,2.772588722239781,6.591183174610865,1.9967620011132508,1.956887864209901,0.0
8.460411177317253,3.5553480614894135,2.772588722239781,4.911785575400213,1.9967620011132508,1.956887864209901,0.0
8.07837810362652,3.6635616461296463,3.044522437723423,6.05705100454776,1.0,2.5968491788439394,1.0
9.837347750031583,3.6635616461296463,2.70805020110221,5.534117247787954,1.0,2.5968491788439394,0.0
7.00397413672268,2.833213344056216,2.70805020110221,3.7169826316149193,1.9967620011132508,2.5968491788439394,0.0
6.1903154058531475,2.833213344056216,2.70805020110221,3.2595620062665707,1.4142135623730951,2.5968491788439394,0.0
8.525558107747866,3.6109179126442243,2.995732273553991,5.415704571082101,1.0,2.5968491788439394,0.0
8.525558107747866,4.07753744390572,2.995732273553991,6.011784529915273,1.0,2.5968491788439394,0.0
5.6937321388027,1.791759469228055,4.290459441148391,2.1798450816933164,1.0,2.5968491788439394,0.0
8.525558107747866,3.4657359027997265,2.70805020110221,5.297787282204103,1.3828992025720797,1.956887864209901,0.0
9.569412440514636,3.6109179126442243,2.995732273553991,5.012674684300281,1.9967620011132508,2.5968491788439394,0.0
6.584791392385716,2.833213344056216,2.70805020110221,3.203261322445776,1.4142135623730951,2.5968491788439394,0.0
7.590346945602565,3.258096538021482,2.70805020110221,3.768372564061466,1.3828992025720797,2.5968491788439394,0.0
9.873646710525106,3.2188758248682006,2.70805020110221,4.041208452269418,1.4142135623730951,1.956887864209901,0.0
8.626944055375356,2.6390573296152584,2.70805020110221,3.3002396910632195,1.0,2.5968491788439394,0.0
8.607216694063826,4.1588830833596715,2.70805020110221,6.775996793399999,1.0,2.5968491788439394,0.0
7.87359778968554,3.6375861597263857,2.70805020110221,4.617193498248199,1.3828992025720797,1.956887864209901,0.0
9.106201332235038,4.276666119016055,2.995732273553991,6.900663248009688,1.0,2.0,0.0
8.60337088765729,4.30406509320417,2.6390573296152584,7.029308423861597,1.9967620011132508,1.956887864209901,0.0
9.58486505717771,3.8066624897703196,2.6390573296152584,5.9051363703203394,1.0,2.5968491788439394,0.0
7.57095858316901,3.912023005428146,2.6390573296152584,5.569065787952528,1.3828992025720797,1.956887864209901,0.0
8.525558107747866,3.4965075614664802,2.6390573296152584,4.7604985216910745,1.0,1.956887864209901,0.0
8.525558107747866,4.6443908991413725,2.9444389791664403,7.621637020576042,1.9967620011132508,2.5968491788439394,0.0
9.268326221174837,1.6094379124341003,2.6390573296152584,2.318428007471295,1.0,2.5968491788439394,0.0
10.200996185805645,3.9512437185814275,2.9444389791664403,6.330841933517965,1.0,2.5968491788439394,0.0
7.594381242551817,3.091042453358316,2.6390573296152584,3.5226138131282747,1.3828992025720797,1.956887864209901,0.0
8.337109129562474,3.4011973816621555,2.6390573296152584,4.414278183705147,1.9967620011132508,1.956887864209901,0.0
9.000606507571892,3.7376696182833684,2.6390573296152584,4.258129935639721,1.4142135623730951,2.5968491788439394,0.0
10.208137355405476,2.4849066497880004,2.6390573296152584,3.144173464585176,1.0,2.0,0.0
10.071033823747928,4.356708826689592,2.9444389791664403,6.638557813722456,1.0,2.5968491788439394,1.0
7.582738488914411,3.6635616461296463,2.9444389791664403,7.725901221097223,1.9967620011132508,2.5968491788439394,0.0
8.525558107747866,4.02535169073515,2.9444389791664403,6.80308299317965,1.4142135623730951,2.0,0.0
8.525558107747866,4.574710978503383,2.9444389791664403,8.327102938234372,1.0,1.0,0.0
7.980365765111246,4.406719247264253,2.5649493574615367,7.105006677359524,1.0,2.0,1.0
9.772581282688328,4.060443010546419,2.8903717578961645,6.888893550459488,1.0,1.956887864209901,1.0
9.0142038261485,2.70805020110221,2.8903717578961645,3.533204784724349,1.3828992025720797,2.5968491788439394,0.0
8.711772645605693,3.871201010907891,2.5649493574615367,5.272882407845857,1.9967620011132508,1.956887864209901,0.0
8.103796712981794,2.9444389791664403,2.5649493574615367,4.055175368946498,1.3828992025720797,1.956887864209901,0.0
9.229063985974285,3.9512437185814275,2.8903717578961645,6.5193894864547115,1.0,2.0,0.0
9.1557785839835,4.02535169073515,2.8903717578961645,5.862856387830046,1.0,2.5968491788439394,0.0
8.376090350438238,2.0794415416798357,2.5649493574615367,2.5712055937984863,1.9967620011132508,2.5968491788439394,0.0
8.679482094459956,3.58351893845611,2.5649493574615367,4.506644453094918,1.9967620011132508,1.956887864209901,0.0
9.089302043599126,3.332204510175204,2.8903717578961645,4.3617100048818624,1.9967620011132508,2.5968491788439394,0.0
8.525558107747866,4.02535169073515,2.5649493574615367,6.08836494513513,1.0,1.956887864209901,0.0
8.0925452638913,2.772588722239781,1.6094379124341003,3.1597435351523835,1.3828992025720797,2.5968491788439394,0.0
7.352441100243583,2.70805020110221,2.70805020110221,3.0316245101503667,1.9967620011132508,2.5968491788439394,0.0
8.337348564497175,3.58351893845611,1.3862943611198906,5.4371167003931316,1.0,2.5968491788439394,0.0
9.323222529032856,3.044522437723423,1.0986122886681098,4.125654600444639,1.9967620011132508,2.5968491788439394,0.0
8.525558107747866,3.1780538303479458,1.0986122886681098,4.102201779363398,1.0,2.5968491788439394,0.0
5.6937321388027,1.791759469228055,4.290459441148391,2.1798450816933164,1.0,2.5968491788439394,0.0
8.525558107747866,3.970291913552122,2.772588722239781,6.143071810654295,1.9967620011132508,1.956887864209901,0.0
7.5652752818989315,3.7376696182833684,1.0986122886681098,5.814491884100347,1.0,1.956887864209901,0.0
8.525558107747866,3.6375861597263857,2.772588722239781,5.192331975869453,1.0,2.5968491788439394,0.0
8.620471540869739,3.9889840465642745,0.6931471805599453,5.247697180711251,1.0,2.5968491788439394,0.0
8.722580021141189,2.5649493574615367,1.0986122886681098,2.661451874917715,1.9967620011132508,2.5968491788439394,0.0
9.749578510178852,4.663439094112067,1.0986122886681098,8.328849499258219,1.0,2.0,0.0
9.262268464836541,3.4657359027997265,1.0986122886681098,4.887061083938081,1.0,2.5968491788439394,0.0
9.014690384970896,4.060443010546419,1.791759469228055,5.507569047763184,1.0,1.956887864209901,0.0
5.802118375377063,4.143134726391533,2.70805020110221,6.129530474063216,1.0,2.0,0.0
8.093156697722637,3.6635616461296463,0.6931471805599453,5.052320744401883,1.0,1.956887864209901,0.0
9.617337639062423,3.713572066704308,0.6931471805599453,4.703304714745835,1.0,2.5968491788439394,0.0
7.591861714889934,3.091042453358316,0.6931471805599453,3.688231756414857,1.4142135623730951,2.5968491788439394,0.0
7.822845290279774,3.8066624897703196,2.70805020110221,5.969954917389495,1.0,1.956887864209901,0.0
7.833203948641057,3.9889840465642745,0.6931471805599453,5.85788995243543,1.0,2.5968491788439394,0.0
8.525558107747866,4.787491742782046,2.70805020110221,7.772216020515101,1.0,2.5968491788439394,0.0
9.983314852395683,3.8066624897703196,2.70805020110221,4.6946311808269385,1.4142135623730951,2.5968491788439394,0.0
8.627123250788433,3.9512437185814275,2.0794415416798357,5.636139025774714,1.0,1.956887864209901,0.0
7.167809184316444,4.04305126783455,2.70805020110221,5.558889240563111,1.4142135623730951,2.5968491788439394,0.0
8.525558107747866,4.624972813284271,2.6390573296152584,5.059934669738118,1.9967620011132508,1.956887864209901,0.0
8.525558107747866,3.8918202981106265,2.6390573296152584,6.408784771102051,1.0,2.5968491788439394,0.0
5.6937321388027,1.791759469228055,4.290459441148391,2.1798450816933164,1.0,2.5968491788439394,0.0
7.9617188159813645,3.4657359027997265,0.0,5.25353640035955,1.0,2.0,0.0
9.078635880978755,3.6375861597263857,2.6390573296152584,5.634513433410957,1.0,1.956887864209901,0.0
8.525558107747866,4.7535901911063645,2.0794415416798357,9.173594635835308,1.9967620011132508,1.956887864209901,0.0
9.497997444115459,4.1588830833596715,2.6390573296152584,6.745868923354294,1.0,1.956887864209901,0.0
8.525558107747866,3.1780538303479458,0.0,4.354012259276605,1.0,2.0,0.0
7.454141078146678,3.4339872044851463,2.6390573296152584,4.42923808075387,1.4142135623730951,2.0,0.0
9.043931533642278,3.970291913552122,2.6390573296152584,6.092807233362347,1.0,1.956887864209901,0.0
9.090542808520587,3.784189633918261,2.6390573296152584,5.565551230596981,1.0,1.956887864209901,0.0
8.525558107747866,3.6635616461296463,2.6390573296152584,9.764553082331286,1.0,2.0,0.0
8.525558107747866,4.343805421853684,2.6390573296152584,7.14440832043992,1.0,2.0,0.0
9.533220655077928,4.430816798843313,2.6390573296152584,6.6756105146884455,1.0,1.956887864209901,0.0
8.525558107747866,3.6635616461296463,1.3862943611198906,8.257203997969818,1.4142135623730951,2.0,1.0
8.928110078202646,2.6390573296152584,2.6390573296152584,3.445209223654947,1.9967620011132508,1.956887864209901,0.0
8.904086913938967,3.4011973816621555,1.3862943611198906,4.6470384521480135,1.0,1.956887864209901,0.0
8.525558107747866,3.367295829986474,2.5649493574615367,4.7488958412130415,1.0,2.0,0.0
8.371242135931933,3.6635616461296463,1.3862943611198906,5.453694613562293,1.4142135623730951,1.956887864209901,0.0
10.436143158888768,2.995732273553991,-6.907755278982137,3.632643807076546,1.3828992025720797,2.0,0.0
8.525558107747866,2.4849066497880004,2.3978952727983707,2.9166666575803872,1.0,1.956887864209901,0.0
8.525558107747866,3.6635616461296463,2.5649493574615367,4.580426576725918,1.0,1.7320508075688772,0.0
9.17771386914909,4.382026634673881,2.5649493574615367,7.258310126728741,1.0,2.5968491788439394,0.0
8.525558107747866,4.59511985013459,1.3862943611198906,7.227358999678327,1.0,1.956887864209901,0.0
9.591717684555258,3.9889840465642745,1.3862943611198906,5.976822661629023,1.9967620011132508,1.956887864209901,0.0
8.932872621931374,4.204692619390966,2.5649493574615367,7.150620678940226,1.0,1.956887864209901,0.0
8.525558107747866,3.6635616461296463,1.0986122886681098,6.372426531928852,1.0,2.0,0.0
8.06054004653864,3.871201010907891,2.4849066497880004,4.971381814114984,1.0,2.0,0.0
8.525558107747866,3.6109179126442243,2.4849066497880004,4.687987619923552,1.0,2.5968491788439394,0.0
8.525558107747866,4.663439094112067,1.0986122886681098,8.03564563688893,1.0,1.956887864209901,0.0
8.116118431609365,3.6375861597263857,1.0986122886681098,5.437268186967769,1.9967620011132508,1.956887864209901,0.0
9.89917828094803,3.6635616461296463,2.4849066497880004,6.995321387539302,1.4142135623730951,1.956887864209901,0.0
10.334165463115696,2.6390573296152584,2.4849066497880004,3.537874521913886,1.0,1.956887864209901,0.0
8.064950891749143,3.4011973816621555,2.4849066497880004,4.666092181811861,1.3828992025720797,1.956887864209901,0.0
8.525558107747866,3.6635616461296463,1.3862943611198906,8.637734425413058,1.0,1.956887864209901,0.0
8.82585367025321,4.532599493153256,0.0,6.7333648950848355,1.9967620011132508,2.5968491788439394,0.0
5.6937321388027,1.791759469228055,4.290459441148391,2.1798450816933164,1.0,2.5968491788439394,0.0
5.6937321388027,1.791759469228055,4.290459441148391,2.1798450816933164,1.0,2.5968491788439394,0.0
8.087640287778983,3.8918202981106265,2.302585092994046,5.25049785120381,1.0,1.956887864209901,0.0
8.525558107747866,4.442651256490317,2.302585092994046,8.083097448835058,1.9967620011132508,2.0,0.0
7.640603826393634,4.418840607796598,2.302585092994046,6.193461725371879,1.4142135623730951,1.956887864209901,0.0
8.13505390861157,4.564348191467836,2.302585092994046,7.339317580847951,1.0,2.5968491788439394,0.0
9.458527693729824,2.833213344056216,1.0986122886681098,3.3514501515442374,1.0,1.956887864209901,0.0
8.53503310954457,3.6109179126442243,0.6931471805599453,4.197740455579817,1.0,2.5968491788439394,0.0
9.117896081584902,4.844187086458591,2.1972245773362196,7.842564253150018,1.0,1.956887864209901,0.0
7.914983005848394,4.2626798770413155,2.1972245773362196,5.600461906587681,1.0,2.0,0.0
5.6937321388027,1.791759469228055,4.290459441148391,2.1798450816933164,1.0,2.5968491788439394,0.0
9.368881400104733,3.258096538021482,0.6931471805599453,4.655259693713662,1.0,1.956887864209901,0.0
8.971829343530851,3.4339872044851463,2.1972245773362196,5.063124478303126,1.9967620011132508,1.956887864209901,0.0
5.6937321388027,1.791759469228055,4.290459441148391,2.1798450816933164,1.0,2.5968491788439394,0.0
10.0411603576612,4.727387818712341,0.6931471805599453,7.793477241557452,1.9967620011132508,1.7320508075688772,0.0
8.525558107747866,4.624972813284271,2.0794415416798357,6.348057263498813,1.4142135623730951,2.5968491788439394,1.0
8.079308192051961,4.23410650459726,2.0794415416798357,4.830200325647128,1.0,2.0,0.0
8.86403999703599,3.8066624897703196,1.3862943611198906,5.532945468668334,1.0,1.956887864209901,0.0
9.785773264516571,3.784189633918261,2.0794415416798357,5.612348182590022,1.0,2.0,0.0
7.895808377083183,4.31748811353631,0.0,6.02166142619982,1.0,2.5968491788439394,0.0
9.993648132244084,4.867534450455582,2.0794415416798357,6.9686077063199825,1.9967620011132508,2.0,1.0
8.543250725735527,4.727387818712341,0.6931471805599453,6.5331583596793354,1.0,2.5968491788439394,1.0
8.062747901086354,3.4657359027997265,0.0,4.523227799872826,1.0,2.5968491788439394,0.0
9.059401196410896,3.6635616461296463,1.9459101490553132,9.378579113249808,1.9967620011132508,2.0,0.0
9.036106025364846,3.8501476017100584,0.0,5.678183469816148,1.0,2.5968491788439394,0.0
8.607399459302387,3.6109179126442243,1.9459101490553132,5.5490774465712684,1.0,2.5968491788439394,0.0
9.158625936289503,4.553876891600541,0.0,7.933513243187431,1.9967620011132508,1.956887864209901,0.0
8.994668835500674,3.367295829986474,0.0,5.181852142600504,1.0,1.956887864209901,0.0
8.752265313595721,4.406719247264253,-6.907755278982137,5.409984631089355,1.9967620011132508,2.5968491788439394,0.0
9.149634496858788,3.6888794541139363,1.0986122886681098,5.117517361480345,1.0,1.956887864209901,0.0
7.118826249062078,3.58351893845611,1.791759469228055,3.8541835272903313,1.0,2.5968491788439394,0.0
7.1180162044653335,3.58351893845611,1.791759469228055,3.8541835272903313,1.0,2.5968491788439394,0.0
8.933268478636418,2.1972245773362196,1.791759469228055,2.8086717285268,1.0,2.5968491788439394,0.0
8.525558107747866,3.6635616461296463,1.0986122886681098,9.013222445787138,1.0,1.956887864209901,0.0
5.6937321388027,1.791759469228055,4.290459441148391,2.1798450816933164,1.0,2.5968491788439394,0.0
8.29054350077274,3.332204510175204,1.6094379124341003,4.075823841724743,1.9967620011132508,2.5968491788439394,0.0
8.399984990510696,3.970291913552122,0.6931471805599453,5.575781586583702,1.0,2.0,1.0
10.193205052099978,3.9889840465642745,0.6931471805599453,6.413904706731193,1.9967620011132508,2.0,0.0
8.6628507638386,4.543294782270004,1.3862943611198906,4.758064053300951,1.0,1.956887864209901,0.0
8.525558107747866,3.784189633918261,0.0,5.546967704705411,1.4142135623730951,2.0,0.0
8.689632748355741,4.430816798843313,0.0,7.01528534489411,1.0,2.0,0.0
9.199077179697472,3.6635616461296463,1.3862943611198906,7.756940286965705,1.0,1.956887864209901,0.0
9.004668301573977,3.6635616461296463,1.3862943611198906,8.624620859551161,1.0,1.956887864209901,0.0
9.054621796976763,4.5217885770490405,1.3862943611198906,7.801421673468766,1.0,2.5968491788439394,0.0
8.919586920999915,4.6443908991413725,-6.907755278982137,7.663291039370792,1.4142135623730951,2.5968491788439394,0.0
8.29054350077274,4.382026634673881,1.0986122886681098,6.511802587541857,1.0,2.5968491788439394,0.0
9.109525066737367,4.007333185232471,-6.907755278982137,5.383684610876335,1.0,2.0,0.0
8.365206834418355,3.6635616461296463,-6.907755278982137,8.91859763348095,1.0,1.956887864209901,0.0
8.464003362902119,4.143134726391533,1.0986122886681098,6.1872812969810695,1.4142135623730951,2.5968491788439394,0.0
8.715880102296456,4.007333185232471,1.0986122886681098,4.6775166230579215,1.0,2.0,0.0
8.525558107747866,4.7535901911063645,1.0986122886681098,5.414810950592078,1.9967620011132508,2.5968491788439394,0.0
8.525558107747866,4.143134726391533,0.6931471805599453,5.7049536890356505,1.0,2.5968491788439394,0.0
7.593877844605118,3.5263605246161616,1.0986122886681098,4.893219679523597,1.0,1.7320508075688772,0.0
7.616283561580385,4.875197323201151,1.0986122886681098,5.868104611723985,1.0,2.5968491788439394,0.0
8.05356916913454,4.5217885770490405,0.6931471805599453,6.231265368518562,1.4142135623730951,1.956887864209901,0.0
9.010180657052349,3.1354942159291497,0.6931471805599453,4.192096762852442,1.0,2.5968491788439394,0.0
9.018937706446035,3.6635616461296463,0.6931471805599453,8.147825314450689,1.0,2.0,0.0
9.151757414543885,4.189654742026425,0.6931471805599453,6.892753013867601,1.0,1.956887864209901,0.0
6.513230110912307,3.4965075614664802,0.6931471805599453,4.553032150385131,1.9967620011132508,2.5968491788439394,0.0
5.41610040220442,3.6635616461296463,0.6931471805599453,9.480486408253624,1.0,2.0,0.0
8.922924930641832,4.394449154672439,0.0,6.050514123030824,1.0,1.956887864209901,0.0
7.994632311431825,4.736198448394496,0.0,8.368839154438927,1.4142135623730951,2.5968491788439394,0.0
7.214504414151143,4.499809670330265,0.0,5.9455431437695445,1.0,1.956887864209901,0.0
9.09862638234618,3.7612001156935624,0.0,5.924984116137821,1.0,1.7320508075688776,0.0
